model,mse,qlike,mz_r2,mz_efficient
EWMA (RiskMetrics),6.913146710052308e-09,-9.543066334166594,0.05473515099647275,False
"Component GARCH(1,1)",6.916811329697591e-09,-9.535780994438129,0.048808127570865834,False
"GARCH(1,1)",6.997838471145608e-09,1001.4762000685714,0.03961104662126469,False
ARCH(1),7.163694010909337e-09,-9.390978790872998,0.01812538276405773,False
"FIGARCH(1,d,1)",8.259160427784495e-09,3120431422478851.5,0.0,False
