model_1,model_2,dm_statistic,p_value,mean_loss_diff,preferred
EWMA (RiskMetrics),"GARCH(1,1)",-1.9373567526594344,0.05279327528527878,-8.463341263882753e-11,model1
EWMA (RiskMetrics),ARCH(1),-1.7865891404631493,0.0741024668731922,-2.505472859737151e-10,model1
EWMA (RiskMetrics),"FIGARCH(1,d,1)",-6.298067537745812,3.443375408978216e-10,-1.3460137177322079e-09,model1
EWMA (RiskMetrics),"Component GARCH(1,1)",-0.03107732653104666,0.9752098898891617,-1.507502085878373e-12,neither
