AutoVol_vs,loss,dm_stat,p_value,preferred
EWMA (λ=0.94),MSE,-2.0586691357480977,0.040040359259616395,model1
EWMA (λ=0.94),QLIKE,-2.4373250588915814,0.01514186770795439,model1
Rolling Var 21d,MSE,-2.6587563046725613,0.00809287072789144,model1
Rolling Var 21d,QLIKE,-2.183469752249101,0.029462608896332277,model1
Rolling Var 63d,MSE,-1.599821239758182,0.11026612417147619,neither
Rolling Var 63d,QLIKE,-1.2052365625101022,0.22867868820933532,neither
Implied Vol 1M,MSE,2.347240565296275,0.01929981487641262,model2
Implied Vol 1M,QLIKE,2.153976907602985,0.031716334604465435,model2
